{"cameraMode":{"drawMode":0,"name":"Shaded","section":"Shading Mode"},"sceneLighting":false,"audioPlay":false,"sceneViewState":{"m_AlwaysRefresh":false,"showFog":true,"showSkybox":false,"showFlares":true,"showImageEffects":true,"showParticleSystems":true,"showVisualEffectGraphs":true,"m_FxEnabled":true},"in2DMode":false,"pivot":{"x":-2.2099997997283937,"y":1.7170519828796387,"z":-2.0798611640930177},"rotation":{"x":0.24836666882038117,"y":-0.11734609305858612,"z":0.030326714739203454,"w":0.9610551595687866},"size":1.9058133363723755,"orthographic":false}