{"cameraMode":{"drawMode":0,"name":"Shaded","section":"Shading Mode"},"sceneLighting":false,"audioPlay":false,"sceneViewState":{"m_AlwaysRefresh":false,"showFog":true,"showSkybox":false,"showFlares":true,"showImageEffects":true,"showParticleSystems":true,"showVisualEffectGraphs":true,"m_FxEnabled":true},"in2DMode":false,"pivot":{"x":-4.744296073913574,"y":-0.09179317951202393,"z":6.964054584503174},"rotation":{"x":0.24836666882038117,"y":-0.11734609305858612,"z":0.030326714739203454,"w":0.9610551595687866},"size":3.1896872520446779,"orthographic":false}