{"cameraMode":{"drawMode":0,"name":"Shaded","section":"Shading Mode"},"sceneLighting":false,"audioPlay":false,"sceneViewState":{"m_AlwaysRefresh":false,"showFog":true,"showSkybox":false,"showFlares":true,"showImageEffects":true,"showParticleSystems":true,"showVisualEffectGraphs":true,"m_FxEnabled":true},"in2DMode":false,"pivot":{"x":-0.38984012603759768,"y":1.9701824188232422,"z":-1.9760000705718995},"rotation":{"x":0.24836666882038117,"y":-0.11734609305858612,"z":0.030326714739203454,"w":0.9610551595687866},"size":2.2156877517700197,"orthographic":false}