{"cameraMode":{"drawMode":0,"name":"Shaded","section":"Shading Mode"},"sceneLighting":false,"audioPlay":false,"sceneViewState":{"m_AlwaysRefresh":false,"showFog":true,"showSkybox":false,"showFlares":true,"showImageEffects":true,"showParticleSystems":true,"showVisualEffectGraphs":true,"m_FxEnabled":true},"in2DMode":false,"pivot":{"x":1.9859999418258668,"y":2.648676872253418,"z":4.006999969482422},"rotation":{"x":0.24836666882038117,"y":-0.11734609305858612,"z":0.030326714739203454,"w":0.9610551595687866},"size":0.8595941662788391,"orthographic":false}