{"cameraMode":{"drawMode":0,"name":"Shaded","section":"Shading Mode"},"sceneLighting":false,"audioPlay":false,"sceneViewState":{"m_AlwaysRefresh":false,"showFog":true,"showSkybox":false,"showFlares":true,"showImageEffects":true,"showParticleSystems":true,"showVisualEffectGraphs":true,"m_FxEnabled":true},"in2DMode":false,"pivot":{"x":0.010084085166454316,"y":0.01965518668293953,"z":0.025260042399168016},"rotation":{"x":-0.09002020955085755,"y":-0.06061818450689316,"z":0.005490511190146208,"w":-0.9940870404243469},"size":0.13633522391319276,"orthographic":false}