{"cameraMode":{"drawMode":0,"name":"Shaded","section":"Shading Mode"},"sceneLighting":false,"audioPlay":false,"sceneViewState":{"m_AlwaysRefresh":false,"showFog":true,"showSkybox":false,"showFlares":true,"showImageEffects":true,"showParticleSystems":true,"showVisualEffectGraphs":true,"m_FxEnabled":true},"in2DMode":false,"pivot":{"x":2.4466562271118166,"y":0.8596146106719971,"z":0.17442607879638673},"rotation":{"x":-0.018858816474676133,"y":-0.4114982783794403,"z":-0.008507901802659035,"w":0.9111881852149963},"size":0.5049752593040466,"orthographic":false}