{"cameraMode":{"drawMode":0,"name":"Shaded","section":"Shading Mode"},"sceneLighting":false,"audioPlay":false,"sceneViewState":{"m_AlwaysRefresh":false,"showFog":true,"showSkybox":false,"showFlares":true,"showImageEffects":true,"showParticleSystems":true,"showVisualEffectGraphs":true,"m_FxEnabled":true},"in2DMode":false,"pivot":{"x":-0.0004377681761980057,"y":-0.015024682506918908,"z":0.0215749591588974},"rotation":{"x":-0.09002020955085755,"y":-0.06061818450689316,"z":0.005490511190146208,"w":-0.9940870404243469},"size":0.15558114647865296,"orthographic":false}